id,uuid,observed_on_string,observed_on,time_observed_at,time_zone,user_id,user_login,user_name,created_at,updated_at,quality_grade,license,url,image_url,sound_url,tag_list,description,num_identification_agreements,num_identification_disagreements,captive_cultivated,oauth_application_id,place_guess,latitude,longitude,positional_accuracy,private_place_guess,private_latitude,private_longitude,public_positional_accuracy,geoprivacy,taxon_geoprivacy,coordinates_obscured,positioning_method,positioning_device,place_town_name,place_state_name,place_country_name,species_guess,scientific_name,common_name,iconic_taxon_name,taxon_id,taxon_kingdom_name,taxon_phylum_name,taxon_class_name,taxon_order_name,taxon_family_name,taxon_genus_name,taxon_species_name,taxon_subspecies_name
8534332,2c45b1bf-9694-4cba-b31a-935b5aafc11b,2017/06/13 10:06 AM MSK,2017-06-13,2017-06-13 07:06:00 UTC,Moscow,677594,nakarb,Nikolai Vladimirov,2017-10-24 19:36:47 UTC,2017-12-01 17:59:39 UTC,needs_id,CC-BY-NC,https://www.inaturalist.org/observations/8534332,https://inaturalist-open-data.s3.amazonaws.com/photos/11397699/medium.jpg,,"",,0,0,false,,"Кучинг, Сарауак, Малайзия",1.7576410107,110.3198468685,15,,,,15,,,false,,,,Sarawak,Malaysia,Armigeres,Armigeres,,Insecta,155313,Animalia,Arthropoda,Insecta,Diptera,Culicidae,Armigeres,,
28055548,88456e8f-59f9-4457-9a92-cfd0bd8b6ead,2019-07-02 7:19:05 pm GMT+08:00,2019-07-02,2019-07-02 11:19:05 UTC,Australia/Perth,1645389,azamuddeen_nasir,AZAMUDDEEN NASIR,2019-07-02 13:50:02 UTC,2024-02-29 15:35:12 UTC,needs_id,,https://www.inaturalist.org/observations/28055548,https://static.inaturalist.org/photos/43708752/medium.jpeg,,"",,1,0,false,2,"Tanjung Kidurong, Sarawak, Malaysia",3.2305555344,113.0797195435,,,,,,,,false,gps,gps,,Sarawak,Malaysia,Malaria Mosquitoes,Anopheles,,Insecta,146949,Animalia,Arthropoda,Insecta,Diptera,Culicidae,Anopheles,,
30424050,b4f71edc-6c35-4247-a090-5a500866b480,2019/07/06 9:51 AM CST,2019-07-06,2019-07-06 01:51:00 UTC,Taipei,859305,roeyo,CHUNG CHANG-LIN,2019-08-08 14:42:24 UTC,2022-10-03 12:45:47 UTC,needs_id,CC-BY-NC-ND,https://www.inaturalist.org/observations/30424050,https://inaturalist-open-data.s3.amazonaws.com/photos/47529723/medium.jpg,,"",,0,0,false,,馬來西亞砂拉越美里省,3.4233171227,115.0896867939,286,,,,286,,,false,,,,Sarawak,Malaysia,蚊科,Culicidae,Mosquitoes,Insecta,52134,Animalia,Arthropoda,Insecta,Diptera,Culicidae,,,
30902325,c9a372ce-5479-4701-ad2b-08a295f2127e,2011/10/14 12:05 PM AEDT,2011-10-14,2011-10-14 01:05:00 UTC,Melbourne,14240,lmata,Luis Mata,2019-08-15 23:03:44 UTC,2020-02-07 14:22:04 UTC,needs_id,CC0,https://www.inaturalist.org/observations/30902325,https://inaturalist-open-data.s3.amazonaws.com/photos/48309199/medium.jpg,,"",,2,0,false,,"Bahagian Miri, Sarawak, Malaysia",4.2094989683,114.0305133809,2477,,,,2477,,,false,,,,Sarawak,Malaysia,Mosquitoes,Culicidae,Mosquitoes,Insecta,52134,Animalia,Arthropoda,Insecta,Diptera,Culicidae,,,
37725891,794375b2-5a97-4b47-b84c-ef554f841ed5,2020-01-19 7:24:52 AM GMT+08:00,2020-01-19,2020-01-18 23:24:52 UTC,Kuala Lumpur,890554,ongzi,Ong Jyh Seng,2020-01-18 23:49:19 UTC,2021-02-18 22:56:51 UTC,needs_id,CC-BY-SA,https://www.inaturalist.org/observations/37725891,https://inaturalist-open-data.s3.amazonaws.com/photos/59865155/medium.jpeg,,"",,2,0,false,2,"Sarikei, Sarawak, Malaysia",2.1149630547,111.5227355957,,,,,,,,false,gps,gps,,Sarawak,Malaysia,Stechmücken,Culicidae,Mosquitoes,Insecta,52134,Animalia,Arthropoda,Insecta,Diptera,Culicidae,,,
38010969,9e6c5439-edab-495c-8f4b-237b9fc34404,2014/06/24 10:14 AM +0800,2014-06-24,2014-06-24 02:14:00 UTC,Kuala Lumpur,1829749,cclborneo,Chien Lee,2020-01-27 01:59:33 UTC,2023-12-01 06:41:23 UTC,needs_id,,https://www.inaturalist.org/observations/38010969,https://static.inaturalist.org/photos/71234578/medium.jpg,,"Borneo, Caryophyllales, Culicidae, Diptera, East Malaysia, Insecta, Magnoliopsida, Malaysia, Nepenthaceae, Sarawak, Southeast Asia, animal, aquatic, arthropod, carnivorous plant, fauna, flora, fly, insect, insect-eating, insectivore, insectivorous, invertebrate, mosquito, pitcher plant, plant, predator, predatory, rainforest, tropical, tropical pitcher plant",Inside pitcher of Nepenthes ampullaria.,2,0,false,,"Sarawak, MY",1.7955411723,110.0726028303,,,,,31444,obscured,,true,,,,Sarawak,Malaysia,Elephant Mosquitoes,Toxorhynchites,Elephant Mosquitoes,Insecta,155464,Animalia,Arthropoda,Insecta,Diptera,Culicidae,Toxorhynchites,,
53212226,b8474591-abdf-4bd5-a5ee-0339a4556abc,2014/01/22 10:46 AM +0800,2014-01-22,2014-01-22 02:46:00 UTC,Kuala Lumpur,1829749,cclborneo,Chien Lee,2020-07-16 00:24:09 UTC,2020-07-18 20:19:12 UTC,needs_id,,https://www.inaturalist.org/observations/53212226,https://static.inaturalist.org/photos/84620476/medium.jpg,,"Amphibia, Anura, Borneo, Caryophyllales, Culicidae, Culicomorpha, Diptera, East Malaysia, Insecta, Magnoliopsida, Malaysia, Microhylidae, Nematocera, Nepenthaceae, Sarawak, Southeast Asia, amphibian, animal, arthropod, carnivore, carnivorous, carnivorous plant, eat, eating, fauna, feeding, flora, fly, frog, insect, insect-eating, insectivore, insectivorous, invertebrate, mosquito, narrow-mouthed frog, pitcher plant, plant, predate, predation, predator, predatory, prey, tropical, tropical pitcher plant, wildlife",Larva preying on tadpole of Microhyla sp. within a Nepenthes ampullaria pitcher.,0,0,false,,"Marudi, MY-SK, MY",4.1778418271,114.8963053334,1000,,,,31411,obscured,,true,,,,Sarawak,Malaysia,Elephant Mosquitoes,Toxorhynchites,Elephant Mosquitoes,Insecta,155464,Animalia,Arthropoda,Insecta,Diptera,Culicidae,Toxorhynchites,,
71542343,0317d9d4-c53c-4ebc-9193-6226b6eff2af,2021-03-19 6:36:16 PM GMT+08:00,2021-03-19,2021-03-19 02:36:16 UTC,Perth,4115188,loimingxun149105,Loi Ming Xun,2021-03-19 10:37:26 UTC,2021-08-01 02:35:35 UTC,research,,https://www.inaturalist.org/observations/71542343,https://static.inaturalist.org/photos/116495140/medium.jpeg,,"",,2,0,false,2,"Teng Kung Suk 3, 96000 Sibu, Sarawak, Malaysia",2.242825,111.8480708,33,,,,33,,,false,,,,Sarawak,Malaysia,Asiatische Tigermücke,Aedes albopictus,Asian Tiger Mosquito,Insecta,62984,Animalia,Arthropoda,Insecta,Diptera,Culicidae,Aedes,Aedes albopictus,
74024368,8637928d-8d06-45c6-9a00-ea6916b80e8f,2013/02/26 1:15 PM UTC,2013-02-26,2013-02-26 13:15:00 UTC,UTC,1840100,cdjshepherd,Christopher Shepherd,2021-04-15 08:20:52 UTC,2021-11-18 19:49:44 UTC,needs_id,,https://www.inaturalist.org/observations/74024368,https://static.inaturalist.org/photos/120936832/medium.jpeg,,"",,1,0,false,,"Bahagian Miri, Sarawak, Malaysia",4.0475064604,114.8169708252,2150,,,,2150,,,false,,,,Sarawak,Malaysia,Zancudos,Culicidae,Mosquitoes,Insecta,52134,Animalia,Arthropoda,Insecta,Diptera,Culicidae,,,
78028289,f8c2875d-d918-479f-9f10-a83d1a808932,Sun May 09 2021 16:28:11 GMT+0800 (GMT+8),2021-05-09,2021-05-09 08:28:11 UTC,Perth,4379288,karangill,,2021-05-09 08:30:40 UTC,2021-05-09 08:44:17 UTC,needs_id,CC-BY-NC,https://www.inaturalist.org/observations/78028289,https://inaturalist-open-data.s3.amazonaws.com/photos/127653419/medium.jpg,,"","",0,0,false,3,"Lorong Matang Jaya 9B, Kuching, Sarawak, MY",1.575540965,110.2939888366,65,,,,65,,,false,,,,Sarawak,Malaysia,"",Aedes,,Insecta,62989,Animalia,Arthropoda,Insecta,Diptera,Culicidae,Aedes,,
87483113,2b5d3922-c580-4e87-bc0c-5c59359655ba,Sun Jul 18 2021 08:23:36 GMT+0800 (GMT+8),2021-07-18,2021-07-18 00:23:36 UTC,Perth,4294824,srwkim,ChanSK,2021-07-18 00:26:33 UTC,2021-07-19 04:49:32 UTC,research,CC-BY-NC,https://www.inaturalist.org/observations/87483113,https://inaturalist-open-data.s3.amazonaws.com/photos/144240635/medium.jpg,,"","",2,0,false,3,"Kuching, Sarawak, MY",1.541075,110.3502583333,11,,,,11,,,false,,,,Sarawak,Malaysia,Asiatische Tigermücke,Aedes albopictus,Asian Tiger Mosquito,Insecta,62984,Animalia,Arthropoda,Insecta,Diptera,Culicidae,Aedes,Aedes albopictus,
102685667,fe024dee-459a-49e3-af8d-db26e277f0fc,2021-12-04 07:37:30,2021-12-04,2021-12-03 23:37:30 UTC,Kuala Lumpur,4354237,hobartwqh,Hobart WQH,2021-12-07 23:44:40 UTC,2024-11-28 02:33:47 UTC,needs_id,CC-BY-NC,https://www.inaturalist.org/observations/102685667,https://inaturalist-open-data.s3.amazonaws.com/photos/171708036/medium.jpeg,,"",,3,0,false,2,"Marudi, Sarawak, Malaysia",4.030734299,114.7996535897,48,,,,48,,,false,,,,Sarawak,Malaysia,Elephant Mosquitoes,Toxorhynchites,Elephant Mosquitoes,Insecta,155464,Animalia,Arthropoda,Insecta,Diptera,Culicidae,Toxorhynchites,,
102857935,1fe83406-ef3c-46f9-a971-a7f74eae2ac9,Sat Dec 11 2021 12:32:57 GMT+0800 (GMT+8),2021-12-11,2021-12-11 04:32:57 UTC,Beijing,4294824,srwkim,ChanSK,2021-12-11 06:55:03 UTC,2021-12-11 06:55:08 UTC,needs_id,CC-BY-NC,https://www.inaturalist.org/observations/102857935,https://inaturalist-open-data.s3.amazonaws.com/photos/172029607/medium.jpg,,"","",0,0,false,3,"Borneo, Kuching, Sarawak, MY",1.5409866667,110.350205,8,,,,8,,,false,,,,Sarawak,Malaysia,"",Aedes,,Insecta,62989,Animalia,Arthropoda,Insecta,Diptera,Culicidae,Aedes,,
104155002,940b70d7-26da-4606-b466-83f0085e5331,2022-01-02 11:10:10,2022-01-02,2022-01-02 03:10:10 UTC,Kuala Lumpur,5151950,oliver_wong_zhong_xuan,OLIVER WONG ZHONG XUAN Moe,2022-01-02 03:13:36 UTC,2022-01-02 03:13:42 UTC,needs_id,,https://www.inaturalist.org/observations/104155002,https://static.inaturalist.org/photos/174494512/medium.jpeg,,"",,0,0,false,2,"Pekan Sibu, 96000 Sibu, Sarawak, 马来西亚",2.3080176,111.8457116,20,,,,20,,,false,,,,Sarawak,Malaysia,蚊科,Culicidae,Mosquitoes,Insecta,52134,Animalia,Arthropoda,Insecta,Diptera,Culicidae,,,
108281124,87c84478-e09b-432f-a169-7f122aba6786,Mon Dec 06 2021 15:25:03 GMT+0800 (GMT+8),2021-12-06,2021-12-06 07:25:03 UTC,Kuala Lumpur,1756223,junglepearl,Pearl Ee,2022-03-10 03:31:29 UTC,2024-07-31 10:18:32 UTC,needs_id,CC-BY-NC-ND,https://www.inaturalist.org/observations/108281124,https://inaturalist-open-data.s3.amazonaws.com/photos/182281018/medium.jpg,,"",Newly emerged from pupa. ,1,0,false,3,"Sarawak, MY",1.7402912516,110.1584090932,164,,,,31444,obscured,,true,,,,Sarawak,Malaysia,Elephant Mosquitoes,Toxorhynchites,Elephant Mosquitoes,Insecta,155464,Animalia,Arthropoda,Insecta,Diptera,Culicidae,Toxorhynchites,,
112186713,3a519706-e0ea-40cc-8697-7d99080ea878,2009/07/08 10:52 AM,2009-07-08,2009-07-08 02:52:00 UTC,Asia/Kuching,1974438,marathontomay,"",2022-04-20 19:37:29 UTC,2023-07-11 14:38:42 UTC,needs_id,CC-BY-NC,https://www.inaturalist.org/observations/112186713,https://inaturalist-open-data.s3.amazonaws.com/photos/189474744/medium.jpeg,,"",,1,0,false,,"Bahagian Kuching, Sarawak, Malaysia",1.7296794957,110.446845244,31,,,,31,,,false,,,,Sarawak,Malaysia,Mosquitoes,Culicidae,Mosquitoes,Insecta,52134,Animalia,Arthropoda,Insecta,Diptera,Culicidae,,,
112929528,1d161935-d3f6-4bba-ac2f-4f25804e922b,2022-04-25 20:15:27,2022-04-25,2022-04-25 12:15:27 UTC,Asia/Kuching,4354237,hobartwqh,Hobart WQH,2022-04-26 04:02:47 UTC,2024-11-28 02:33:47 UTC,needs_id,CC-BY-NC,https://www.inaturalist.org/observations/112929528,https://inaturalist-open-data.s3.amazonaws.com/photos/190790502/medium.jpeg,,"",,0,0,false,2,"Sarawak, MY",1.5898500259,110.3330880045,13,,,,31446,obscured,,true,gps,gps,,Sarawak,Malaysia,Asian Tiger Mosquito,Aedes albopictus,Asian Tiger Mosquito,Insecta,62984,Animalia,Arthropoda,Insecta,Diptera,Culicidae,Aedes,Aedes albopictus,
117733487,c14b5f13-9ebd-4f99-b516-ddff38aa2387,2022-05-15 09:53:14,2022-05-15,2022-05-15 01:53:14 UTC,Asia/Kuching,4354237,hobartwqh,Hobart WQH,2022-05-19 14:56:32 UTC,2024-11-28 02:33:47 UTC,needs_id,CC-BY-NC,https://www.inaturalist.org/observations/117733487,https://inaturalist-open-data.s3.amazonaws.com/photos/198863519/medium.jpeg,,"",,0,0,false,2,"Sarawak, MY",1.4666796054,110.3729651317,12,,,,31446,obscured,,true,gps,gps,,Sarawak,Malaysia,Culicine Mosquitoes,Culicinae,Culicine Mosquitoes,Insecta,357355,Animalia,Arthropoda,Insecta,Diptera,Culicidae,,,
140451939,0ed94888-1c04-4133-9a70-a2e532314821,2022-10-30 08:36:27+08:00,2022-10-30,2022-10-30 00:36:27 UTC,Asia/Kuching,4294824,srwkim,ChanSK,2022-10-30 00:56:44 UTC,2022-10-30 00:56:54 UTC,needs_id,CC-BY-NC,https://www.inaturalist.org/observations/140451939,https://inaturalist-open-data.s3.amazonaws.com/photos/240422821/medium.jpg,,"","",0,0,false,3,"Borneo, Kuching, Sarawak, MY",1.5410533333,110.3503116667,4,,,,4,,,false,,,,Sarawak,Malaysia,"",Aedes,,Insecta,62989,Animalia,Arthropoda,Insecta,Diptera,Culicidae,Aedes,,
141361004,a3e73fb6-3efc-4178-b4ab-6764883f4e89,2022-11-05 09:43:21+08:00,2022-11-05,2022-11-05 01:43:21 UTC,Asia/Kuching,4294824,srwkim,ChanSK,2022-11-07 11:09:48 UTC,2022-11-07 11:09:55 UTC,needs_id,CC-BY-NC,https://www.inaturalist.org/observations/141361004,https://inaturalist-open-data.s3.amazonaws.com/photos/242155775/medium.jpg,,"","",0,0,false,3,"Borneo, Kuching, Sarawak, MY",1.5410283333,110.35028,4,,,,4,,,false,,,,Sarawak,Malaysia,"",Aedes,,Insecta,62989,Animalia,Arthropoda,Insecta,Diptera,Culicidae,Aedes,,
147161807,81db942f-c5d7-4338-845d-35f3f4c147bf,2023-01-23 09:49:19,2023-01-23,2023-01-23 01:49:19 UTC,Asia/Kuching,890554,ongzi,Ong Jyh Seng,2023-01-23 01:53:30 UTC,2023-01-23 01:53:44 UTC,needs_id,CC-BY-SA,https://www.inaturalist.org/observations/147161807,https://inaturalist-open-data.s3.amazonaws.com/photos/253174590/medium.jpeg,,"",,0,0,false,2,"Sarikei, Sarawak, Malaysia",2.1144555556,111.5225416667,,,,,,,,false,gps,gps,,Sarawak,Malaysia,Aedes albopictus,Aedes albopictus,Asian Tiger Mosquito,Insecta,62984,Animalia,Arthropoda,Insecta,Diptera,Culicidae,Aedes,Aedes albopictus,
149903185,0eb3325d-ebfd-4ae0-a64b-90e696f981fe,2023/02/23 18:17,2023-02-23,2023-02-23 10:17:00 UTC,Asia/Kuching,1589672,proudfish,孫穩翔,2023-02-28 14:02:56 UTC,2023-03-03 12:25:39 UTC,needs_id,,https://www.inaturalist.org/observations/149903185,https://static.inaturalist.org/photos/258381472/medium.jpeg,,"","",1,0,false,,馬來西亞砂拉越美里省,4.0417522552,114.8124747813,122,,,,122,,,false,,,,Sarawak,Malaysia,叢蚊屬,Armigeres,,Insecta,155313,Animalia,Arthropoda,Insecta,Diptera,Culicidae,Armigeres,,
158565635,9e5d1f64-f15c-4330-8bb2-c67374dd07b1,2023-05-01 10:43:51+08:00,2023-05-01,2023-05-01 02:43:51 UTC,Asia/Kuching,4294824,srwkim,ChanSK,2023-05-01 10:22:50 UTC,2023-05-01 10:55:20 UTC,needs_id,CC-BY-NC,https://www.inaturalist.org/observations/158565635,https://inaturalist-open-data.s3.amazonaws.com/photos/274025527/medium.jpg,,"",Larva within Nepenthes ,1,0,false,3,"Borneo, Kuching, Sarawak, MY",1.5993866667,110.1905133333,25,,,,25,,,false,,,,Sarawak,Malaysia,Elephant Mosquitoes,Toxorhynchites,Elephant Mosquitoes,Insecta,155464,Animalia,Arthropoda,Insecta,Diptera,Culicidae,Toxorhynchites,,
162475975,bd11e624-db5b-43d8-a230-583019d1ff79,2023/03/13 6:35 PM,2023-03-13,2023-03-13 10:35:00 UTC,Asia/Kuching,1230411,msone,MSOne,2023-05-19 13:58:50 UTC,2023-05-19 18:20:54 UTC,needs_id,,https://www.inaturalist.org/observations/162475975,https://inaturalist-open-data.s3.amazonaws.com/photos/280938239/medium.jpg,,"",,1,0,false,,"Nanga Merit, Sarawak, Malaysia",2.2836666667,113.031995,,,,,,,,false,,,,Sarawak,Malaysia,Armigeres,Armigeres,,Insecta,155313,Animalia,Arthropoda,Insecta,Diptera,Culicidae,Armigeres,,
181898632,105fec9d-6f93-45f1-8f07-299dc5c68db8,2023-08-24 22:41:00,2023-08-24,2023-08-24 14:41:00 UTC,Asia/Kuching,4354237,hobartwqh,Hobart WQH,2023-09-05 12:45:25 UTC,2024-11-28 02:33:47 UTC,needs_id,CC-BY-NC,https://www.inaturalist.org/observations/181898632,https://inaturalist-open-data.s3.amazonaws.com/photos/317049870/medium.jpeg,,"",,0,0,false,2,"Sarawak, MY",2.3019707452,111.8686671585,16,,,,31438,obscured,,true,gps,gps,,Sarawak,Malaysia,Culex,Culex,,Insecta,130033,Animalia,Arthropoda,Insecta,Diptera,Culicidae,Culex,,
194698136,1aae529f-7191-4c62-a92b-477d506565c8,2023-06-14 23:01:30-04:00,2023-06-15,2023-06-15 03:01:30 UTC,Asia/Kuching,6692839,thirty_legs,,2023-12-24 00:46:23 UTC,2023-12-25 20:05:37 UTC,needs_id,CC-BY-NC,https://www.inaturalist.org/observations/194698136,https://inaturalist-open-data.s3.amazonaws.com/photos/342308157/medium.jpg,,"","",0,0,false,3,"Sarawak, MY",1.6503029198,110.4078534345,71,,,,31444,obscured,,true,,"",,Sarawak,Malaysia,Armigeres subalbatus,Armigeres subalbatus,,Insecta,155302,Animalia,Arthropoda,Insecta,Diptera,Culicidae,Armigeres,Armigeres subalbatus,
198642240,0c0af1c4-286c-4c5d-b853-78749f4dd62b,2024-02-07 15:32:11+08:00,2024-02-07,2024-02-07 07:32:11 UTC,Asia/Kuching,7747531,joelchy,,2024-02-07 12:07:30 UTC,2024-02-08 03:18:32 UTC,research,CC-BY-NC,https://www.inaturalist.org/observations/198642240,https://inaturalist-open-data.s3.amazonaws.com/photos/350158583/medium.jpg,,"","",1,0,false,3,"Borneo, Miri, Sarawak, MY",4.4357033333,113.99627,61,,,,61,,,false,,,,Sarawak,Malaysia,Asian Tiger Mosquito,Aedes albopictus,Asian Tiger Mosquito,Insecta,62984,Animalia,Arthropoda,Insecta,Diptera,Culicidae,Aedes,Aedes albopictus,
199051582,8b8a3ee5-badc-4908-84b1-4f576d54279f,2024-02-12 07:14:05,2024-02-12,2024-02-11 23:14:05 UTC,Asia/Kuching,890554,ongzi,Ong Jyh Seng,2024-02-11 23:31:19 UTC,2024-03-20 07:58:26 UTC,needs_id,CC-BY-SA,https://www.inaturalist.org/observations/199051582,https://inaturalist-open-data.s3.amazonaws.com/photos/350957644/medium.jpeg,,"",,1,0,false,2,"Sarikei, Sarawak, Malaysia",2.1144222222,111.5226277778,,,,,,,,false,gps,gps,,Sarawak,Malaysia,Culex,Culex,,Insecta,130033,Animalia,Arthropoda,Insecta,Diptera,Culicidae,Culex,,
200260713,a770f856-7296-4062-9a9f-0925435d4932,2024-02-20 15:59:35,2024-02-20,2024-02-20 07:59:35 UTC,Asia/Kuching,7739895,hazels1m,Hazel Sim,2024-02-24 09:20:49 UTC,2024-02-24 09:20:57 UTC,needs_id,CC-BY-NC,https://www.inaturalist.org/observations/200260713,https://inaturalist-open-data.s3.amazonaws.com/photos/353290772/medium.jpeg,,"",,0,0,false,2,Miri,4.399413887,113.9913829789,54043,,,,54043,,,false,gps,gps,,Sarawak,Malaysia,Aedes,Aedes,,Insecta,62989,Animalia,Arthropoda,Insecta,Diptera,Culicidae,Aedes,,
217186154,32bf60b3-4c6d-42fa-8b3e-53ec1d2757dc,2023/05/21 5:02 PM,2023-05-21,2023-05-21 09:02:00 UTC,Asia/Kuching,5282259,naturaldudeguy,Natural DudeGuy,2024-05-21 00:08:23 UTC,2024-05-21 00:08:23 UTC,needs_id,CC-BY-NC,https://www.inaturalist.org/observations/217186154,https://inaturalist-open-data.s3.amazonaws.com/photos/384182668/medium.jpg,,"",,0,0,false,,"Kuching, Sarawak, Malaysia",1.5557497659,110.359725428,29250,,,,29250,,,false,,,,Sarawak,Malaysia,Armigeres,Armigeres,,Insecta,155313,Animalia,Arthropoda,Insecta,Diptera,Culicidae,Armigeres,,
218748137,db4fec39-a9be-44b3-8866-7bc1fd9d84d7,2017/06/12 9:32 AM,2017-06-12,2017-06-12 01:32:00 UTC,Asia/Kuching,677594,nakarb,Nikolai Vladimirov,2024-05-27 21:22:58 UTC,2024-05-27 21:22:58 UTC,needs_id,CC-BY-NC,https://www.inaturalist.org/observations/218748137,https://inaturalist-open-data.s3.amazonaws.com/photos/387110841/medium.jpg,,"",,0,0,false,,"Kuching, Sarawak, Malaysia",1.7569470028,110.319288969,55,,,,55,,,false,,,,Sarawak,Malaysia,Armigeres,Armigeres,,Insecta,155313,Animalia,Arthropoda,Insecta,Diptera,Culicidae,Armigeres,,
219059785,34ed5762-b8a6-4c27-a35e-2a6357bf7561,2023/08/21 1:21 PM,2023-08-21,2023-08-21 05:21:00 UTC,Asia/Kuching,5282259,naturaldudeguy,Natural DudeGuy,2024-05-29 06:41:14 UTC,2024-12-25 08:44:01 UTC,needs_id,CC-BY-NC,https://www.inaturalist.org/observations/219059785,https://inaturalist-open-data.s3.amazonaws.com/photos/387702451/medium.jpg,,"",,1,0,false,,"Kuching, Sarawak, Malaysia",1.5557497659,110.359725428,29250,,,,29250,,,false,,,,Sarawak,Malaysia,Armigeres,Armigeres,,Insecta,155313,Animalia,Arthropoda,Insecta,Diptera,Culicidae,Armigeres,,
235693326,d81c7aab-2687-45fc-8a4d-7bbb7553bf11,2023-08-26 14:10:01+08:00,2023-08-26,2023-08-26 06:10:01 UTC,Asia/Kuching,7727242,huangdacong,黄大葱,2024-08-14 10:23:45 UTC,2024-08-14 10:23:50 UTC,needs_id,,https://www.inaturalist.org/observations/235693326,https://static.inaturalist.org/photos/419202030/medium.jpeg,,"","",0,0,false,3,"Kuching, MY-SK, MY",1.6122416667,110.1955033333,4,,,,4,,,false,,,,Sarawak,Malaysia,"",Toxorhynchites splendens,,Insecta,155448,Animalia,Arthropoda,Insecta,Diptera,Culicidae,Toxorhynchites,Toxorhynchites splendens,
237459872,f397ac2f-59c6-4d47-a91c-399f8eedfe7b,2024/07/30 4:19 PM,2024-07-30,2024-07-30 08:19:00 UTC,Asia/Kuching,155951,tom-kirschey,Tom Kirschey,2024-08-23 14:08:11 UTC,2025-01-28 13:27:47 UTC,needs_id,CC-BY-NC,https://www.inaturalist.org/observations/237459872,https://inaturalist-open-data.s3.amazonaws.com/photos/422609987/medium.jpeg,,"",on Bronchocela,0,0,false,,"Bahagian Miri, Sarawak, Malaysia",4.0390598315,114.8182498883,6,,,,6,,,false,,,,Sarawak,Malaysia,Culicidae,Culicidae,Mosquitoes,Insecta,52134,Animalia,Arthropoda,Insecta,Diptera,Culicidae,,,
238613721,fd12a3ac-f30c-41f1-8cbf-aaaa5f62cee0,2024-08-10 21:33:33,2024-08-10,2024-08-10 13:33:33 UTC,Asia/Kuching,261582,kyongman,Kyongman Heo,2024-08-29 15:58:03 UTC,2024-08-30 02:54:02 UTC,needs_id,,https://www.inaturalist.org/observations/238613721,https://static.inaturalist.org/photos/424835682/medium.jpeg,,"",,1,0,false,2,"Petra Jaya, Kuching, Sarawak, 말레이시아",1.5922892997,110.2199703997,,,,,,,,false,gps,gps,,Sarawak,Malaysia,Toxorhynchites,Toxorhynchites,Elephant Mosquitoes,Insecta,155464,Animalia,Arthropoda,Insecta,Diptera,Culicidae,Toxorhynchites,,
247464880,558e63d2-c115-46e6-949a-14793add706c,2024/10/13 11:28 PM,2024-10-13,2024-10-13 15:28:00 UTC,Asia/Kuching,4417823,mike_hooper,Mike Hooper,2024-10-15 13:03:01 UTC,2024-10-15 13:03:41 UTC,needs_id,CC-BY-NC,https://www.inaturalist.org/observations/247464880,https://static.inaturalist.org/photos/441984055/medium.jpg,,"",,0,0,false,,"Kuching, Sarawak, Malaysia",1.7477833333,110.311335,,,,,,,,false,,,,Sarawak,Malaysia,Culicine Mosquitoes,Culicinae,Culicine Mosquitoes,Insecta,357355,Animalia,Arthropoda,Insecta,Diptera,Culicidae,,,
248004072,2ce95c7f-e4ed-41a2-8171-d964f06a05e1,2024-10-19 10:17:44,2024-10-19,2024-10-19 02:17:44 UTC,Asia/Kuching,4354237,hobartwqh,Hobart WQH,2024-10-19 02:39:35 UTC,2024-11-28 02:33:47 UTC,needs_id,CC-BY-NC,https://www.inaturalist.org/observations/248004072,https://inaturalist-open-data.s3.amazonaws.com/photos/443046162/medium.jpeg,,"",,0,0,false,2,"Sarawak, MY",2.213445611,111.8873113627,5,,,,31438,obscured,,true,gps,gps,,Sarawak,Malaysia,Asian Tiger Mosquito,Aedes albopictus,Asian Tiger Mosquito,Insecta,62984,Animalia,Arthropoda,Insecta,Diptera,Culicidae,Aedes,Aedes albopictus,
250267415,14199897-f1d1-4f24-a2c4-2835196e3f26,2024/10/19 7:07 PM,2024-10-19,2024-10-19 11:07:00 UTC,Asia/Kuching,4417823,mike_hooper,Mike Hooper,2024-11-03 10:23:19 UTC,2024-11-03 11:43:20 UTC,needs_id,CC-BY-NC,https://www.inaturalist.org/observations/250267415,https://static.inaturalist.org/photos/447557354/medium.jpg,,"",,1,0,false,,"Kuching, Sarawak, Malaysia",1.7471983333,110.31154,,,,,,,,false,,,,Sarawak,Malaysia,Common house mosquito,Culex pipiens,Common house mosquito,Insecta,130032,Animalia,Arthropoda,Insecta,Diptera,Culicidae,Culex,Culex pipiens,
252139087,347285c6-b251-44b5-9f16-7496404885e2,2024-11-18 17:47:39,2024-11-18,2024-11-18 09:47:39 UTC,Asia/Kuching,7683807,iloveturtlesguy,terrence,2024-11-18 10:26:54 UTC,2024-11-18 10:54:14 UTC,research,,https://www.inaturalist.org/observations/252139087,https://static.inaturalist.org/photos/451300482/medium.jpeg,,"",,0,0,false,2,"Kuching, MY-SK, MY",1.5035538672,110.3398666381,,,,,,,,false,gps,gps,,Sarawak,Malaysia,Asian Tiger Mosquito,Aedes albopictus,Asian Tiger Mosquito,Insecta,62984,Animalia,Arthropoda,Insecta,Diptera,Culicidae,Aedes,Aedes albopictus,
252666936,bf211f7d-aa2c-43f6-915e-ad912b342a62,2024-11-22 20:10:33,2024-11-22,2024-11-22 12:10:33 UTC,Asia/Kuching,7683807,iloveturtlesguy,terrence,2024-11-23 02:00:05 UTC,2024-11-23 02:00:36 UTC,needs_id,,https://www.inaturalist.org/observations/252666936,https://static.inaturalist.org/photos/452338086/medium.jpeg,,"",,0,0,false,2,"Kuching, MY-SK, MY",1.5035511253,110.3398590086,,,,,,,,false,gps,gps,,Sarawak,Malaysia,Asian Tiger Mosquito,Aedes albopictus,Asian Tiger Mosquito,Insecta,62984,Animalia,Arthropoda,Insecta,Diptera,Culicidae,Aedes,Aedes albopictus,
256053338,fa8df2f9-da58-4b36-ae0b-1c79af742b0d,2024-12-24 12:41:08,2024-12-24,2024-12-24 04:41:08 UTC,Asia/Kuching,4354237,hobartwqh,Hobart WQH,2024-12-24 04:50:12 UTC,2024-12-24 08:20:34 UTC,research,CC-BY-NC,https://www.inaturalist.org/observations/256053338,https://inaturalist-open-data.s3.amazonaws.com/photos/458992037/medium.jpeg,,"",,1,0,false,2,"Sarawak, MY",2.3145282686,111.9189968676,5,,,,31438,obscured,,true,gps,gps,,Sarawak,Malaysia,Asian Tiger Mosquito,Aedes albopictus,Asian Tiger Mosquito,Insecta,62984,Animalia,Arthropoda,Insecta,Diptera,Culicidae,Aedes,Aedes albopictus,
258801853,08a6faaa-d154-42f6-8c41-9a3ccb1900fc,2025-01-18 12:08:11+08:00,2025-01-18,2025-01-18 04:08:11 UTC,Asia/Kuching,8871125,sswong777,,2025-01-18 04:08:40 UTC,2025-01-18 14:49:22 UTC,needs_id,CC-BY-NC,https://www.inaturalist.org/observations/258801853,https://inaturalist-open-data.s3.amazonaws.com/photos/464425372/medium.jpg,,"","",0,0,false,3,"Borneo, Sibu, Sarawak, MY",2.3041033333,111.8478466667,4,,,,4,,,false,,,,Sarawak,Malaysia,"",Culex,,Insecta,130033,Animalia,Arthropoda,Insecta,Diptera,Culicidae,Culex,,
258820188,b3986876-613b-41ab-be32-935563247f52,2025-01-18 18:15:41,2025-01-18,2025-01-18 10:15:41 UTC,Asia/Kuching,8870690,rpjong,Rudiyanto P. Jong,2025-01-18 10:17:37 UTC,2025-01-18 10:17:41 UTC,needs_id,,https://www.inaturalist.org/observations/258820188,https://static.inaturalist.org/photos/464463821/medium.jpeg,,"",,0,0,false,2,"Taman Peony, 93050 Kuching, Sarawak, Malaysia",1.5800167754,110.3017483279,6,,,,6,,,false,gps,gps,,Sarawak,Malaysia,Asian Tiger Mosquito,Aedes albopictus,Asian Tiger Mosquito,Insecta,62984,Animalia,Arthropoda,Insecta,Diptera,Culicidae,Aedes,Aedes albopictus,
259039940,79b5fa9f-ff77-45a7-94ab-689fee12cc0e,2025-01-20 17:20:57+08:00,2025-01-20,2025-01-20 09:20:57 UTC,Asia/Kuching,8872708,izatul_syima,Izatul Syima Binti Abdul Rahman,2025-01-20 09:25:08 UTC,2025-01-20 09:25:33 UTC,needs_id,,https://www.inaturalist.org/observations/259039940,https://static.inaturalist.org/photos/464910792/medium.jpg,,"","",0,0,false,3,"Borneo, Sibu, Sarawak, MY",2.3413533333,111.844825,17,,,,17,,,false,,,,Sarawak,Malaysia,"",Aedes,,Insecta,62989,Animalia,Arthropoda,Insecta,Diptera,Culicidae,Aedes,,
259234019,a27d1732-f42e-4a91-a4c4-e731cb96d9c9,2025-01-22 09:52:31+08:00,2025-01-22,2025-01-22 01:52:31 UTC,Asia/Kuching,8872668,mikannied,,2025-01-22 10:30:56 UTC,2025-01-22 10:31:02 UTC,needs_id,CC-BY-NC,https://www.inaturalist.org/observations/259234019,https://inaturalist-open-data.s3.amazonaws.com/photos/465307525/medium.jpg,,"","",0,0,false,3,"Borneo, Miri, Sarawak, MY",4.358395813,113.9688090825,39,,,,39,,,false,,,,Sarawak,Malaysia,"",Culex pipiens,Common house mosquito,Insecta,130032,Animalia,Arthropoda,Insecta,Diptera,Culicidae,Culex,Culex pipiens,
259289087,9aa06b44-9b6b-4d4b-9e77-7bddd0f9a0b9,2025-01-23 08:14:59+08:00,2025-01-23,2025-01-23 00:14:59 UTC,Asia/Kuching,8879056,shangtea,,2025-01-23 00:17:42 UTC,2025-01-23 00:17:49 UTC,needs_id,CC-BY-NC,https://www.inaturalist.org/observations/259289087,https://inaturalist-open-data.s3.amazonaws.com/photos/465417693/medium.jpg,,"","",0,0,false,3,"Borneo, Miri, Sarawak, MY",4.3913033333,113.9883633333,4,,,,4,,,false,,,,Sarawak,Malaysia,"",Aedes albopictus,Asian Tiger Mosquito,Insecta,62984,Animalia,Arthropoda,Insecta,Diptera,Culicidae,Aedes,Aedes albopictus,
259299518,bcab7d60-0262-471f-ae70-581c407324b2,2025-01-23 09:48:30+08:00,2025-01-23,2025-01-23 01:48:30 UTC,Asia/Kuching,8887159,afiwow,,2025-01-23 02:46:13 UTC,2025-01-23 02:46:25 UTC,needs_id,CC-BY-NC,https://www.inaturalist.org/observations/259299518,https://inaturalist-open-data.s3.amazonaws.com/photos/465439323/medium.jpg,,"","",0,0,false,3,"Borneo, Miri, Sarawak, MY",4.3412973454,113.9722866876,28,,,,28,,,false,,,,Sarawak,Malaysia,"",Aedes,,Insecta,62989,Animalia,Arthropoda,Insecta,Diptera,Culicidae,Aedes,,
259640876,3399352a-8fa6-4801-9e70-85618c048f05,2025-01-26 20:59:34+08:00,2025-01-26,2025-01-26 12:59:34 UTC,Asia/Kuching,8873881,suemie_moharip,SueMie Moharip,2025-01-26 13:00:01 UTC,2025-01-26 13:00:04 UTC,needs_id,,https://www.inaturalist.org/observations/259640876,https://static.inaturalist.org/photos/466125356/medium.jpg,,"","",0,0,false,3,"Borneo, Kuching, Sarawak, MY",1.5806661793,110.2969968748,1768,,,,1768,,,false,,,,Sarawak,Malaysia,"",Culex pipiens,Common house mosquito,Insecta,130032,Animalia,Arthropoda,Insecta,Diptera,Culicidae,Culex,Culex pipiens,
260358819,1ea87cf8-224e-4500-b158-d0ab431f1e1a,2025-01-26 17:34:09+08:00,2025-01-26,2025-01-26 09:34:09 UTC,Asia/Kuching,8872668,mikannied,,2025-02-02 09:10:17 UTC,2025-02-03 13:58:28 UTC,needs_id,CC-BY-NC,https://www.inaturalist.org/observations/260358819,https://inaturalist-open-data.s3.amazonaws.com/photos/467550099/medium.jpg,,"","",0,0,false,3,"Borneo, Miri, Sarawak, MY",4.3151858,113.9664964,28,,,,28,,,false,,,,Sarawak,Malaysia,Common house mosquito,Culex pipiens,Common house mosquito,Insecta,130032,Animalia,Arthropoda,Insecta,Diptera,Culicidae,Culex,Culex pipiens,
260770256,1935ae47-b896-4fe7-8f57-c74e44e00892,2025-02-05 17:12:03+08:00,2025-02-05,2025-02-05 09:12:03 UTC,Asia/Kuching,8873881,suemie_moharip,SueMie Moharip,2025-02-06 02:54:49 UTC,2025-02-06 13:17:34 UTC,research,,https://www.inaturalist.org/observations/260770256,https://static.inaturalist.org/photos/468358624/medium.jpg,,"","",0,0,false,3,"Borneo, Kuching, Sarawak, MY",1.5958776421,110.3381355,92,,,,92,,,false,,,,Sarawak,Malaysia,Asian Tiger Mosquito,Aedes albopictus,Asian Tiger Mosquito,Insecta,62984,Animalia,Arthropoda,Insecta,Diptera,Culicidae,Aedes,Aedes albopictus,
261217356,bbe43287-5adb-4248-a720-2506f6727e23,2025-02-10 13:20:24,2025-02-10,2025-02-10 05:20:24 UTC,Asia/Kuching,8847541,tung_fah,Tung Fah Kong,2025-02-10 05:21:52 UTC,2025-02-10 05:22:27 UTC,casual,,https://www.inaturalist.org/observations/261217356,https://static.inaturalist.org/photos/469248889/medium.jpeg,,"",,0,0,true,2,"Sibu District, Sarawak, Malaysia",2.3250915972,111.8298431972,,,,,,,,false,gps,gps,,Sarawak,Malaysia,Asian Tiger Mosquito,Aedes albopictus,Asian Tiger Mosquito,Insecta,62984,Animalia,Arthropoda,Insecta,Diptera,Culicidae,Aedes,Aedes albopictus,
261344572,b9e07d96-1ade-47ee-80ed-215de623bfcb,2025-02-11 13:40:54,2025-02-11,2025-02-11 05:40:54 UTC,Asia/Kuching,8880615,gracehkx,,2025-02-11 13:09:02 UTC,2025-02-11 13:43:49 UTC,needs_id,CC-BY-NC,https://www.inaturalist.org/observations/261344572,https://inaturalist-open-data.s3.amazonaws.com/photos/469501549/medium.jpeg,,"",,3,0,false,2,"Sibu District, Sarawak, Malaysia",2.3413326739,111.8459625242,,,,,,,,false,gps,gps,,Sarawak,Malaysia,Culicine Mosquitoes,Culicinae,Culicine Mosquitoes,Insecta,357355,Animalia,Arthropoda,Insecta,Diptera,Culicidae,,,
261560163,c66c11f6-addc-4788-9986-f8aa3fb2e5be,2024/08/04 10:54 PM,2024-08-04,2024-08-04 14:54:00 UTC,Asia/Kuching,3331500,airgel,"",2025-02-13 19:23:40 UTC,2025-02-14 08:45:50 UTC,needs_id,CC-BY-NC,https://www.inaturalist.org/observations/261560163,https://inaturalist-open-data.s3.amazonaws.com/photos/469927921/medium.jpg,,"",,2,0,false,,"Petra Jaya, Kuching, Sarawak, Malaysia",1.606753,110.189168,,,,,,,,false,,,,Sarawak,Malaysia,Elephant Mosquitoes,Toxorhynchites,Elephant Mosquitoes,Insecta,155464,Animalia,Arthropoda,Insecta,Diptera,Culicidae,Toxorhynchites,,
261560166,0866e18a-4434-4940-a62f-50c5f6fff8db,2024/08/04 10:51 PM,2024-08-04,2024-08-04 14:51:00 UTC,Asia/Kuching,3331500,airgel,"",2025-02-13 19:23:42 UTC,2025-02-14 08:19:48 UTC,needs_id,CC-BY-NC,https://www.inaturalist.org/observations/261560166,https://inaturalist-open-data.s3.amazonaws.com/photos/469928185/medium.jpg,,"",,0,0,false,,"Petra Jaya, Kuching, Sarawak, Malaysia",1.606773,110.189183,,,,,,,,false,,,,Sarawak,Malaysia,Elephant Mosquitoes,Toxorhynchites,Elephant Mosquitoes,Insecta,155464,Animalia,Arthropoda,Insecta,Diptera,Culicidae,Toxorhynchites,,
263301428,75e864bb-26a0-4a47-9eb6-e98fb1a35bf8,2025/02/27 12:35 AM,2025-02-27,2025-02-26 16:35:00 UTC,Asia/Kuching,8873927,loveburung,,2025-02-27 19:47:36 UTC,2025-02-27 19:47:36 UTC,needs_id,CC-BY-NC,https://www.inaturalist.org/observations/263301428,https://inaturalist-open-data.s3.amazonaws.com/photos/472983477/medium.jpeg,,"",,0,0,false,,"Bukit Lima Nature Reserve, Lor Sentosa 5, 96000 Sibu, Sarawak, Malaysia",2.2792462,111.8639944,210,,,,210,,,false,,,,Sarawak,Malaysia,Aedini,Aedini,,Insecta,505234,Animalia,Arthropoda,Insecta,Diptera,Culicidae,,,
263479580,78869844-53c2-4a97-89c6-c3f493e89e3f,2025-03-01 17:00:35+08:00,2025-03-01,2025-03-01 09:00:35 UTC,Asia/Kuching,994991,lumenal,Jeff Ward,2025-03-01 11:19:31 UTC,2025-03-01 11:19:41 UTC,needs_id,CC-BY,https://www.inaturalist.org/observations/263479580,https://inaturalist-open-data.s3.amazonaws.com/photos/473343768/medium.jpg,,"","",0,0,false,3,"Borneo, Kuching, Sarawak, MY",1.5805606835,110.3671472045,13,,,,13,,,false,,,,Sarawak,Malaysia,"",Culex,,Insecta,130033,Animalia,Arthropoda,Insecta,Diptera,Culicidae,Culex,,
265353178,2d85b721-832c-434b-bbbb-f83a4bf73e02,2025-03-15 09:55:38,2025-03-15,2025-03-15 01:55:38 UTC,Asia/Kuching,4354237,hobartwqh,Hobart WQH,2025-03-15 02:39:52 UTC,2025-03-16 16:48:14 UTC,research,CC-BY-NC,https://www.inaturalist.org/observations/265353178,https://inaturalist-open-data.s3.amazonaws.com/photos/476617841/medium.jpeg,,"",,0,0,false,2,"Sibu District, Sarawak, Malaysia",2.3397039052,111.8468210846,85,,,,85,,,false,gps,gps,,Sarawak,Malaysia,Asian Tiger Mosquito,Aedes albopictus,Asian Tiger Mosquito,Insecta,62984,Animalia,Arthropoda,Insecta,Diptera,Culicidae,Aedes,Aedes albopictus,
265810033,8e2132bd-2081-46e6-8f47-a8a29cec826c,2025-03-18 13:34:05,2025-03-18,2025-03-18 05:34:05 UTC,Asia/Kuching,4354237,hobartwqh,Hobart WQH,2025-03-18 10:30:38 UTC,2025-03-18 10:30:44 UTC,needs_id,CC-BY-NC,https://www.inaturalist.org/observations/265810033,https://inaturalist-open-data.s3.amazonaws.com/photos/477517724/medium.jpeg,,"",,0,0,false,2,"Sarawak, MY",2.36372772,111.8731272857,5,,,,31438,obscured,,true,gps,gps,,Sarawak,Malaysia,Culex,Culex,,Insecta,130033,Animalia,Arthropoda,Insecta,Diptera,Culicidae,Culex,,
